<?xml version="1.0"?>
<!DOCTYPE hibernate-mapping PUBLIC 
    "-//Hibernate/Hibernate Mapping DTD 3.0//EN"
    "http://hibernate.sourceforge.net/hibernate-mapping-3.0.dtd">
<hibernate-mapping>
	<class name="edu.model.Student" table="STUDENT">
		<id name="studentNo" type="java.lang.Long" column="SNO">
			<generator class="sequence">
				<param name="sequence">STUDENTNO_SEQ</param>
			</generator>
		</id>
		<property name="studentName">
			<column name="SNAME" length="25" />
		</property>
		<one-to-one name="studentXtra" class="edu.model.StudentXtra"
			cascade="all" />
	</class>
</hibernate-mapping>