<?xml version="1.0"?>
<!DOCTYPE hibernate-mapping PUBLIC 
    "-//Hibernate/Hibernate Mapping DTD 3.0//EN"
    "http://hibernate.sourceforge.net/hibernate-mapping-3.0.dtd">
<hibernate-mapping>
	<class name="edu.model.StudentXtra" table="STUDENTXTRA">
		<id name="studentNo" type="java.lang.Long" column="SNO">
			<generator class="foreign">
				<param name="property">student</param>
			</generator>
		</id>
		<property name="studentAge">
			<column name="SAGE" length="10" />
		</property>
		<one-to-one name="student" class="edu.model.Student"  constrained = "true" 
			cascade="all" />
	</class>
</hibernate-mapping>