<!DOCTYPE hibernate-mapping PUBLIC 
"-//Hibernate/Hibernate Mapping DTD 3.0//EN"
"http://hibernate.sourceforge.net/hibernate-mapping-3.0.dtd">
<hibernate-mapping>
	<class name="edu.model.Student" table="Student"
		discriminator-value="Student">
		<id name="studentNo" type="long" column="SNO">
			<generator class="sequence">
				<param name="sequence">STUDENTNO_SEQ</param>
			</generator>
		</id>
		<discriminator column="STUDENT_DISC" type="string" length="10" />
		<property name="studentName" length="12" column="SNAME" />
		<subclass name="edu.model.MBAStudent"
			discriminator-value="MBAStudent">
			<property name="mbaStream" length="12" />
		</subclass>

		<subclass name="edu.model.MCAStudent"
			discriminator-value="MCAStudent">
			<property name="mcaStream" length="12" />
		</subclass>
	</class>
</hibernate-mapping>

