<?xml version="1.0" encoding="UTF-8" ?>

<DBConfig>
	<DEV1>
		<StuSchema1 user="SYSTEM" password="MANAGER"
			url="jdbc:oracle:thin:@localhost:1521:XE"
			driver="oracle.jdbc.driver.OracleDriver" />
	</DEV1>
	<DEV2>
		<StuSchema1 user="STUDENT1" password="STUDEV2"
			url="jdbc:oracle:thin:@localhost:1521:STUDEV2"
			driver="oracle.jdbc.driver.OracleDriver" />
	</DEV2>
	<UAT1>
		<StuSchema1 user="STUDENT1" password="STUUAT1"
			url="jdbc:oracle:thin:@localhost:1521:STUUAT1"
			driver="oracle.jdbc.driver.OracleDriver" />
	</UAT1>
	<UAT2>
		<StuSchema1 user="STUDENT1" password="STUUAT2"
			url="jdbc:oracle:thin:@localhost:1521:STUUAT2"
			driver="oracle.jdbc.driver.OracleDriver" />
	</UAT2>
	<PROD>
		<StuSchema1 user="STUDENT1" password="STU"
			url="jdbc:oracle:thin:@localhost:1521:STU"
			driver="oracle.jdbc.driver.OracleDriver" />
	</PROD>
</DBConfig>
