<?xml version="1.0" encoding="UTF-8"?>
<job-scheduling-data xmlns="http://www.quartz-scheduler.org/xml/JobSchedulingData"
    xmlns:xsi="http://www.w3.org/2001/XMLSchema-instance"
    xsi:schemaLocation="http://www.quartz-scheduler.org/xml/JobSchedulingData http://www.quartz-scheduler.org/xml/job_scheduling_data_2_0.xsd"
    version="2.0">
    
    <pre-processing-commands>
        <delete-jobs-in-group>*</delete-jobs-in-group>  <!-- clear all jobs in scheduler -->
        <delete-triggers-in-group>*</delete-triggers-in-group> <!-- clear all triggers in scheduler -->
    </pre-processing-commands>
    
    <processing-directives>
        <!-- if there are any jobs/trigger in scheduler of same name (as in this file), overwrite them -->
        <overwrite-existing-data>true</overwrite-existing-data>
        <!-- if there are any jobs/trigger in scheduler of same name (as in this file), and over-write is false, ignore them rather then generating an error -->
        <ignore-duplicates>false</ignore-duplicates> 
    </processing-directives>
    
    <schedule>
	    <job>
	        <name>TestJob1</name>
	        <job-class>com.sportsvite.AwesomeProcessor</job-class>
	    </job>
	    
        <job>
            <name>TestDurableJob</name>
            <job-class>com.sportsvite.Copy_2_of_AwesomeProcessor</job-class>
            <durability>true</durability>
            <recover>false</recover>
        </job>
	    
	    <trigger>
	        <simple>
	            <name>TestSimpleTrigger1AtFiveSecondInterval</name>
	            <job-name>TestJob1</job-name>
	            <repeat-count>-1</repeat-count> <!-- repeat indefinitely  -->
	            <repeat-interval>5000</repeat-interval>  <!--  every 5 seconds -->
	        </simple>
	    </trigger>
	<trigger>
	        <simple>
	            <name>TestSimpleTrigger1AtSixSecondInterval</name>
	            <job-name>TestDurableJob</job-name>
	            <repeat-count>-1</repeat-count> <!-- repeat indefinitely  -->
	            <repeat-interval>6000</repeat-interval>  <!--  every 5 seconds -->
	        </simple>
	    </trigger>
	    <job>
	        <name>TestJob2</name>
	        <group>GroupOfTestJob2</group>
	        <description>This is the description of TestJob2</description>
	        <job-class>com.sportsvite.CopyOfAwesomeProcessor</job-class>
	        <durability>false</durability>
	        <recover>true</recover>
	    </job>
	    
	    <trigger>
	        <simple>
	            <name>TestSimpleTrigger2AtTenSecondIntervalAndFiveRepeats</name>
	            <group>GroupOfTestJob2Triggers</group>
	            <job-name>TestJob2</job-name>
	            <job-group>GroupOfTestJob2</job-group>
	            <start-time>2012-07-09T10:15:00</start-time>
	            <misfire-instruction>MISFIRE_INSTRUCTION_RESCHEDULE_NOW_WITH_EXISTING_REPEAT_COUNT</misfire-instruction>
	            <repeat-count>5</repeat-count>
	            <repeat-interval>1000</repeat-interval>
	        </simple>
	    </trigger>
	    
	    <trigger>
		<cron>
		<name>TestCronTrigger2AtEveryMinute</name>
		<group>GroupOfTestJob2Triggers</group>
			            <job-name>TestJob2</job-name>
	            <job-group>GroupOfTestJob2</job-group>		<!-- trigger every 30 min -->
		<cron-expression>0/6 * * * * ?</cron-expression>
		</cron>
	</trigger>
	
	    <trigger>
	        <cron>
	            <name>TestCronTrigger2AtEveryMinute</name>
	            <group>GroupOfTestJob2Triggers</group>
	            <job-name>TestJob2</job-name>
	            <job-group>GroupOfTestJob2</job-group>
                <cron-expression>0/5 * * ? * *</cron-expression>
	        </cron>
	    </trigger>
	
	     </schedule>    
</job-scheduling-data>
