<!DOCTYPE beans PUBLIC "-//SPRING//DTD BEAN//EN" "http://www.springframework.org/dtd/spring-beans.dtd">
<beans>
	<bean id="dataSource"
		class="org.springframework.jdbc.datasource.DriverManagerDataSource"
		abstract="true">
		<property name="driverClassName">
			<value>oracle.jdbc.driver.OracleDriver</value>
		</property>
		<property name="url">
			<value>jdbc:oracle:thin:@localhost:1521:SERVER</value>
		</property>
	</bean>
	<bean id="scottDataSource"
		class="org.springframework.jdbc.datasource.DriverManagerDataSource"
		parent="dataSource">
		<property name="username">
			<value>scott</value>
		</property>
		<property name="password">
			<value>tiger</value>
		</property>
	</bean>
	<bean id="systemDataSource"
		class="org.springframework.jdbc.datasource.DriverManagerDataSource"
		parent="dataSource">
		<property name="username">
			<value>system</value>
		</property>
		<property name="password">
			<value>manager</value>
		</property>
	</bean>
</beans>
