<!DOCTYPE beans PUBLIC "-//SPRING//DTD BEAN//EN" "http://www.springframework.org/dtd/spring-beans.dtd">
<beans>
	<!-- Inheritance examples -->
	<!-- Parent -->
	<bean id="parent" class="edu.model.Student" abstract="true">
		<property name="studentNo">
			<value>1</value>
		</property>
	</bean>
	<!-- Child SubClassOne -->
	<bean id="subClassOne" class="edu.model.Student" parent="parent" />
	<!-- Child SubClassTwo -->
	<bean id="subClassTwo" class="edu.model.Student" parent="parent">
		<property name="studentName">
			<value>N@It</value>
		</property>
	</bean>


</beans>
