﻿<?xml version="1.0"?>
<!DOCTYPE hibernate-mapping PUBLIC 
    "-//Hibernate/Hibernate Mapping DTD 3.0//EN"
    "http://hibernate.sourceforge.net/hibernate-mapping-3.0.dtd">
<hibernate-mapping>
	<class name="edu.model.Student" table="STUDENT">
		<id name="studentNo" type="long" column="SNO">
			<generator class="increment"></generator>
		</id>
		<property name="studentName">
			<column name="SNAME" length="25"/>
		</property>
		<map name="courseMap"  table="STUDENT_INSCOURSE" inverse="false" cascade="all">
			<key column="SNO" />
			<index column="IDX" type="string" length="10"/>
            <many-to-many column="CNO" class="edu.model.Course"/>		
		</map>
	</class>
</hibernate-mapping>
