<?xml version="1.0" encoding="UTF-8"?>
<!DOCTYPE hibernate-mapping 
    PUBLIC "-//Hibernate/Hibernate Mapping DTD//EN" 
    "http://hibernate.sourceforge.net/hibernate-mapping-3.0.dtd">

<hibernate-mapping>
	<class name="edu.model.Course" table="INSCOURSE">
		<id name="courseNo" type="long" column="CNO">
			<generator class="increment"></generator>
		</id>
		<property name="courseName">
			<column name="CNAME" length="25" />
		</property>
		<set name="studentSet" table="STUDENT_INSCOURSE" inverse="false"
			cascade="all">
			<key column="CNO" />
			<many-to-many column="SNO" class="edu.model.Student" />
		</set>		
	</class>
</hibernate-mapping>
