<?xml version="1.0"?>
<!DOCTYPE hibernate-mapping PUBLIC 
    "-//Hibernate/Hibernate Mapping DTD 3.0//EN"
    "http://hibernate.sourceforge.net/hibernate-mapping-3.0.dtd">
<hibernate-mapping>
	<class name="edu.model.Student" table="STUDENT">
		<id name="studentNo" column="SNO" length="50">
			<generator class="sequence">
				<param name="sequence">STUDENTNO_SEQ</param>
			</generator>
		</id>
		<property name="studentName">
			<column name="SNAME" length="20" />
		</property>
	</class>
	<sql-query name="studentProcedure" callable="true">
		<return alias="student" class="edu.model.Student">
			<return-property name="studentNo" column="SNO" />
			<return-property name="studentName" column="SNAME" />
		</return>
		{ call S_PROCEDURE(?,  :sNo) }
	</sql-query>
</hibernate-mapping>