<?xml version="1.0"?>
<!DOCTYPE hibernate-mapping PUBLIC 
    "-//Hibernate/Hibernate Mapping DTD 3.0//EN"
    "http://hibernate.sourceforge.net/hibernate-mapping-3.0.dtd">
<hibernate-mapping>
	<class name="edu.model.StudentTest" table="STUDENTTEST">
		<id name="studentNo" column="SNO">
			<generator class="sequence">
				<param name="sequence">STUDENTNO_SEQ</param>
			</generator>
		</id>
		<property name="studentName">
			<column name="SNAME" length="15" />
		</property>
	</class>
</hibernate-mapping>