<?xml version='1.0' encoding='utf-8'?>
<!DOCTYPE hibernate-configuration PUBLIC
    "-//Hibernate/Hibernate Configuration DTD//EN"
    "http://hibernate.sourceforge.net/hibernate-configuration-3.0.dtd">
<hibernate-configuration>
<session-factory>
	<property name="hibernate.connection.driver_class">oracle.jdbc.driver.OracleDriver</property>
	<property name="hibernate.connection.url">jdbc:oracle:thin:@localhost:1521:STUDEV1</property>
	<property name="hibernate.connection.username">STUDENT1</property>
	<property name="hibernate.connection.password">STUDEV1</property>
	<property name="hibernate.connection.pool_size">10</property>
	<property name="show_sql">true</property>
	<property name="hibernate.dialect">org.hibernate.dialect.OracleDialect</property>
	<property name="hibernate.hbm2ddl.auto">update</property>

	<!-- Mapping files -->
	<mapping resource="edu/mappings/student.hbm.xml" />  
	</session-factory>
</hibernate-configuration>