<?xml version="1.0" encoding="UTF-8"?>
<!DOCTYPE hibernate-mapping 
    PUBLIC "-//Hibernate/Hibernate Mapping DTD//EN" 
    "http://hibernate.sourceforge.net/hibernate-mapping-3.0.dtd">

<hibernate-mapping>
	<class name="edu.model.Course" table="INSCOURSE">
		<id name="courseNo" type="long" column="CNO">
			<generator class="sequence">
				<param name="sequence">COURSENO_SEQ</param>
			</generator>
		</id>
		<property name="courseName">
			<column name="CNAME" length="10" />
		</property>
	</class>
</hibernate-mapping>
