<!DOCTYPE beans PUBLIC "-//SPRING//DTD BEAN//EN" "http://www.springframework.org/dtd/spring-beans.dtd">
<beans>
	<!-- Step 1.1 ONCE-->
	<bean id="datasource"
		class="org.springframework.jndi.JndiObjectFactoryBean">
		<property name="jndiName">
			<value>jdbc/nareshJNDI</value>
		</property>
		<property name="resourceRef">
			<value>true</value>
		</property>
	</bean>
	<!-- Step 1.2 ONCE-->
	<bean id="sessionFactory"
		class="org.springframework.orm.hibernate3.LocalSessionFactoryBean">
		<!-- Step 1.2.1 -->
		<property name="dataSource">
			<ref bean="datasource" />
		</property>
		<!-- Step 1.2.2 -->
		<property name="hibernateProperties">
			<props>
				<prop key="hibernate.dialect">
					org.hibernate.dialect.Oracle9Dialect
				</prop>
				<prop key="hibernate.show_sql">true</prop>
			</props>
		</property>
		<!-- Step 1.2.3 -->
		<property name="mappingResources">
			<list>
				<value>edu/mappings/student.hbm.xml</value>
			</list>
		</property>
	</bean>
	<!-- Step 2.1 ONCE-->
	<bean id="transactionManager"
		class="org.springframework.orm.hibernate3.HibernateTransactionManager">
		<property name="sessionFactory">
			<ref bean="sessionFactory" />
		</property>
	</bean>

	<!--  Step 1.3 N number of Times Based on DAO-->
	<bean id="studentDao" class="edu.dao.StudentDaoImpl">
		<property name="sessionFactory">
			<ref bean="sessionFactory" />
		</property>
	</bean>
	<!--  Step 1.4 N number of Times Based on SERVICE-->
	<bean id="studentServiceTarget"
		class="edu.service.StudentServiceImpl">
		<property name="studentDao">
			<ref bean="studentDao" />
		</property>
	</bean>
	<!--  Step 2.2 N number of Times Based on SERVICE-->
	<bean id="studentService"
		class="org.springframework.transaction.interceptor.TransactionProxyFactoryBean">
		<!--  Step 2.2.1 -->
		<property name="transactionManager">
			<ref bean="transactionManager" />
		</property>
		<!--  Step 2.2.2 -->
		<property name="target">
			<ref bean="studentServiceTarget" />
		</property>
		<!--  Step 2.2.3 -->
		<property name="transactionAttributes">
			<props>
				<prop key="insert*">PROPAGATION_REQUIRED,UserException</prop>
			</props>
		</property>
	</bean>

</beans>
