<?xml version="1.0"?>
<!DOCTYPE hibernate-mapping PUBLIC 
    "-//Hibernate/Hibernate Mapping DTD 3.0//EN"
    "http://hibernate.sourceforge.net/hibernate-mapping-3.0.dtd">
<hibernate-mapping>
	<class name="edu.model.Student" table="STUDENT">
		<id name="studentNo" column="SNO" length="8">
			<generator class="edu.id.StudentNoGenerator" />
		</id>
		<property name="studentName">
			<column name="SNAME" length="20" />
		</property>
		<property name="location">
			<column name="LOCATION" length="20" />
		</property>
	</class>
</hibernate-mapping>