<!DOCTYPE beans PUBLIC "-//SPRING//DTD BEAN//EN" "http://www.springframework.org/dtd/spring-beans.dtd">
<beans>
	<!-- Step 1.3.1 -->
	<bean id="datasource"
		class="org.springframework.jdbc.datasource.DriverManagerDataSource">
		<property name="driverClassName">
			<value>oracle.jdbc.driver.OracleDriver</value>
		</property>
		<property name="url">
			<value>jdbc:oracle:thin:@localhost:1521:STUDEV1</value>
		</property>
		<property name="username">
			<value>SYSTEM</value>
		</property>
		<property name="password">
			<value>MANAGER</value>
		</property>
	</bean>
	<bean id="sessionFactory"
		class="org.spring.LocalSessionFactoryBean">
		<!-- Step 1.1 -->
		<property name="hibernateProperties">
			<props>
				<prop key="hibernate.dialect">
					org.hibernate.dialect.Oracle9Dialect
				</prop>
				<prop key="hibernate.show_sql">true</prop>
			</props>
		</property>
		<!-- Step 1.2 -->
		<property name="mappingResources">
			<value>edu/mappings/student.hbm.xml</value>
		</property>
		<!-- Step 1.3.2 -->
		<property name="dataSource">
			<ref bean="datasource" />
		</property>
	</bean>
</beans>
