<!DOCTYPE hibernate-mapping PUBLIC 
"-//Hibernate/Hibernate Mapping DTD 3.0//EN"
"http://hibernate.sourceforge.net/hibernate-mapping-3.0.dtd">
<hibernate-mapping>
	<class name="edu.model.Student" table="Student">
		<id name="studentNo" type="long" column="SNO">
			<generator class="sequence">
				<param name="sequence">STUDENTNO_SEQ</param>
			</generator>
		</id>
		<property name="studentName" length="12" column="SNAME" />
		<joined-subclass name="edu.model.MBAStudent"
			table="MBAStudent">
			<key column="SNO" />
			<property name="mbaStream" length="12" />
		</joined-subclass>
		<joined-subclass name="edu.model.MCAStudent"
			table="MCAStudent">
			<key column="SNO" />
			<property name="mcaStream" length="12" />
		</joined-subclass>
	</class>
</hibernate-mapping>
