<?xml version="1.0"?>

<!DOCTYPE hibernate-mapping PUBLIC
"-//Hibernate/Hibernate Mapping DTD 3.0//EN"
"http://hibernate.sourceforge.net/hibernate-mapping-3.0.dtd">

<hibernate-mapping>
	<class name="edu.model.Student" table="STUDENT">
		<!-- <cache usage="read-only"/>  -->
		<id name="studentNo" type="long" unsaved-value="null">
			<column name="SNO" not-null="true" length="10" />
			<generator class="sequence">
				<param name="sequence">STUDENTNO_SEQ</param>
			</generator>
		</id>
		<property name="studentName" column="SNAME" type="string"
			length="25" />
	</class>
</hibernate-mapping>
