<!DOCTYPE hibernate-mapping PUBLIC 
"-//Hibernate/Hibernate Mapping DTD 3.0//EN"
"http://hibernate.sourceforge.net/hibernate-mapping-3.0.dtd">
<hibernate-mapping>
	<class name="edu.model.MCAStudent" table="MCAStudent">
		<id name="studentNo" type="long" column="SNO">
			<generator class="sequence">
				<param name="sequence">MCA_STU_NO_SEQ</param>
			</generator>
		</id>
		<property name="studentName" length="12" column="SNAME"/>
		<property name="mcaStream" length="12" />
	</class>
</hibernate-mapping>
