<?xml version="1.0"?>
<!DOCTYPE hibernate-mapping PUBLIC 
    "-//Hibernate/Hibernate Mapping DTD 3.0//EN"
    "http://hibernate.sourceforge.net/hibernate-mapping-3.0.dtd">
<hibernate-mapping>
	<class name="edu.model.Library" table="LIBRARY">
		<id name="libraryNo" type="java.lang.Long" column="LNO">
			<generator class="sequence">
				<param name="sequence">LIBRARYNO_SEQ</param>
			</generator>
		</id>
		<property name="libraryName">
			<column name="LNAME" length="10" />
		</property>
		<many-to-one name="student" class="edu.model.Student"
			column="SNO" unique="true" cascade="all" />
	</class>
</hibernate-mapping>