﻿<?xml version="1.0"?>
<!DOCTYPE hibernate-mapping PUBLIC 
    "-//Hibernate/Hibernate Mapping DTD 3.0//EN"
    "http://hibernate.sourceforge.net/hibernate-mapping-3.0.dtd">
<hibernate-mapping>
	<class name="edu.model.Student" table="STUDENT">
		<id name="studentNo" type="long" column="SNO">
			<generator class="sequence">
				<param name="sequence">STUDENTNO_SEQ</param>
			</generator>
		</id>
		<property name="studentName">
			<column name="SNAME" length="25" />
		</property>
		<bag name="courseList" table="STUDENT_INSCOURSE"
			inverse="false" cascade="all">
			<key column="SNO" />
			<many-to-many column="CNO" class="edu.model.Course" />
		</bag>
	</class>
</hibernate-mapping>
