<?xml version="1.0"?>
<!DOCTYPE hibernate-mapping PUBLIC 
    "-//Hibernate/Hibernate Mapping DTD 3.0//EN"
    "http://hibernate.sourceforge.net/hibernate-mapping-3.0.dtd">
<hibernate-mapping>
	<class name="edu.model.Course" table="UNCOURSE">
		<id name="courseNo" type="long" column="CNO">
			<generator class="increment"></generator>
		</id>
		<property name="courseName">
			<column name="CNAME" length="25"/>
		</property>
		<set name="studentSet" cascade="all">
			<key column="CNO" />
			<one-to-many class="edu.model.Student" />
		</set>
	</class>
</hibernate-mapping>